customer_id,churn_prediction,churn_probability
767114958,0,0.1123
708123033,0,0.1161
715424283,0,0.0968
717865008,0,0.1631
710188308,0,0.2843
716574033,0,0.1846
713183508,0,0.1461
718583133,1,0.9843
783554958,0,0.5885
714418158,0,0.4676
710061783,0,0.2034
716225433,0,0.1402
788327358,0,0.1422
714847983,0,0.0957
720031908,0,0.4493
713700258,0,0.0983
721265883,0,0.0966
715321008,0,0.3416
717831783,0,0.2053
711480108,0,0.2142
797638383,0,0.1349
709950858,0,0.1049
717060858,1,0.8911
716045508,0,0.1286
787482033,1,0.9777
719601708,0,0.1307
717683583,0,0.2438
813905508,0,0.1008
769985883,0,0.6529
718927533,0,0.1871
784868958,0,0.0979
787539333,0,0.2442
789871233,0,0.0979
826061508,0,0.1561
716354883,1,0.9146
717678408,0,0.4918
715341858,0,0.0996
713003358,1,0.9692
713374533,0,0.0969
709985133,0,0.2095
771204108,0,0.1035
713758758,0,0.0988
709453833,0,0.1565
713227233,0,0.1077
714967233,0,0.685
714358008,0,0.1044
779514558,0,0.4346
794498733,1,0.9472
793015083,0,0.0961
789212883,1,0.9525
718677858,0,0.0992
713675658,0,0.1006
719523108,0,0.1139
708390633,0,0.3614
715098333,0,0.2572
712060158,0,0.1087
716831508,0,0.1081
778172583,0,0.1125
789430083,0,0.1786
709996833,1,0.9644
708890133,0,0.6491
773332908,0,0.1069
715870758,0,0.0967
789363408,0,0.1029
779118708,0,0.292
710544033,0,0.1022
717500133,0,0.0969
712046808,1,0.9862
815484783,0,0.2153
713843283,0,0.1128
717260058,1,0.8757
773383158,0,0.122
711041508,0,0.1021
816843933,0,0.1185
715043508,0,0.0973
717241233,0,0.1287
717521508,0,0.1963
708331758,0,0.1916
715571583,0,0.0989
711146358,0,0.1186
789594108,0,0.2876
779327733,0,0.1137
711391308,0,0.0961
718994583,0,0.1207
718212633,0,0.5597
711861258,0,0.1217
718123608,0,0.0955
718958583,0,0.1048
772207683,0,0.1019
719629308,0,0.1289
708303108,0,0.2036
788957358,0,0.1053
708727983,0,0.2375
714217908,0,0.1092
708928908,0,0.2664
712411908,0,0.1518
771075258,1,0.984
717866133,0,0.7315
713652783,0,0.1908
714076683,1,0.966
803963808,0,0.1311
778968408,1,0.7827
720064158,0,0.6513
778921908,0,0.1116
770878458,0,0.1081
786087633,0,0.123
788752833,0,0.0957
766006758,0,0.1098
710342508,1,0.9106
711422358,0,0.0967
778574283,1,0.9655
709987683,1,0.807
821168733,0,0.1376
717765183,1,0.7754
708723858,0,0.1098
720618033,0,0.096
718899708,0,0.3365
716437533,0,0.1077
717491058,0,0.5041
711029358,0,0.0977
716768808,0,0.2543
801056358,0,0.1844
779210283,0,0.2056
718441308,0,0.0974
713241033,0,0.0973
711064008,0,0.3238
772137183,1,0.9863
788739633,1,0.8758
708953883,1,0.9858
716549058,0,0.1152
824789283,0,0.2222
788252358,0,0.0986
819752133,0,0.1226
716944983,0,0.1457
716545383,0,0.2869
720836808,0,0.1244
783361533,0,0.1275
710893533,0,0.5539
709793133,1,0.8087
716609433,0,0.1905
715222533,1,0.9086
713597658,1,0.9054
720837708,0,0.1432
786546783,0,0.1411
778747608,0,0.1736
801385458,0,0.1138
720844008,0,0.1058
754443033,0,0.3054
799486158,0,0.3407
798140283,0,0.6531
772036233,0,0.1157
711427458,0,0.1042
712727283,0,0.1431
710754933,0,0.2231
709938708,0,0.181
710831133,0,0.1337
715570533,1,0.9867
794576058,0,0.14
786557358,0,0.3334
708212658,0,0.208
818993508,0,0.1115
718466883,0,0.0953
717085983,0,0.1008
709986633,1,0.8032
779348358,1,0.9691
752944533,0,0.1002
712340733,0,0.309
814459833,1,0.9042
718373658,0,0.1505
771359958,0,0.1215
779198133,0,0.1121
788618208,1,0.7538
712288158,0,0.1079
711838008,1,0.9732
710202783,0,0.1779
771976683,0,0.5005
716176683,0,0.0954
711278283,0,0.1093
715019883,0,0.1021
720292983,0,0.0956
716498883,0,0.0986
713798958,0,0.1014
716939358,1,0.8049
709005633,1,0.9042
795573333,0,0.1321
771069033,0,0.0968
801709308,0,0.1417
716345283,0,0.1068
714835833,0,0.1311
779783508,0,0.317
825767658,0,0.1881
717575958,0,0.578
720753183,0,0.5656
711766758,0,0.1447
711397533,0,0.2017
767058183,0,0.0964
788864508,0,0.1655
778377183,0,0.1011
710844408,1,0.8959
714919308,1,0.8401
708874533,1,0.9872
778356408,0,0.3401
769035933,1,0.8278
771228183,0,0.1009
772539558,0,0.1116
714045783,1,0.9689
809797158,0,0.4698
719531133,0,0.1032
719192808,0,0.1017
720662508,0,0.097
820848408,0,0.1759
712412958,0,0.2043
778984383,0,0.0994
712865583,0,0.3293
819997983,0,0.2085
718301508,0,0.4026
789197508,0,0.3407
809459733,0,0.2861
813901458,0,0.0978
772360683,0,0.4306
779725833,1,0.8152
712996833,0,0.1018
779681433,1,0.9708
787591008,0,0.1028
712642533,0,0.7269
721051908,0,0.204
715503558,0,0.1314
709841433,0,0.4426
710424408,0,0.1359
709592808,0,0.1037
788038383,0,0.0988
714363858,1,0.9189
815015283,0,0.0998
771336783,0,0.2492
738899658,1,0.8534
796170933,0,0.1074
720992883,0,0.0977
712238958,0,0.448
718530258,0,0.1034
711794358,0,0.6332
716366208,1,0.8763
770038983,0,0.1945
709937583,0,0.0963
787623858,0,0.3453
711676008,0,0.0993
812218908,0,0.4689
720281508,0,0.097
721139808,1,0.8896
709990983,0,0.19
718244958,0,0.458
756639708,1,0.7493
718645308,0,0.0954
717389433,0,0.1021
779310033,1,0.9865
717192933,0,0.575
718379358,0,0.6588
779661033,0,0.1253
715880283,0,0.1004
719469333,0,0.257
708974283,0,0.1044
789859833,0,0.0956
772339383,0,0.4648
716319258,0,0.1076
720330558,1,0.8891
789827208,0,0.1754
751450008,0,0.3804
789791808,0,0.2511
717321783,0,0.4469
712549758,0,0.1066
712470033,0,0.4494
719291283,0,0.1321
720413658,0,0.1309
709230708,0,0.6144
708384033,1,0.9822
715029333,1,0.7518
771040758,0,0.1438
711635358,0,0.1526
716604633,0,0.1252
716438433,0,0.1292
711216933,0,0.1027
713916708,0,0.1121
710106933,0,0.1167
806189658,0,0.1384
770632758,1,0.9638
789238683,0,0.1291
711873033,0,0.4887
720384633,1,0.8209
712181658,0,0.0957
714957108,0,0.178
720247158,0,0.105
772313358,0,0.4987
803652633,0,0.098
771422883,1,0.9865
718009158,0,0.0961
712612233,0,0.7052
709901058,0,0.1066
716682258,0,0.1061
711478233,0,0.0988
720040158,0,0.128
720212508,0,0.13
787605558,0,0.1108
780557658,0,0.5598
709952658,0,0.1007
793379058,0,0.0995
716971833,0,0.1057
720997383,1,0.9831
827111283,1,0.9402
769396158,1,0.9732
820085808,0,0.1021
780349833,0,0.103
715964058,0,0.1709
771903033,0,0.1166
802668333,0,0.1019
718504983,1,0.7615
714882258,0,0.1212
714211533,0,0.2184
720198183,0,0.0959
803587533,0,0.0952
720050208,0,0.1317
771058908,0,0.1337
708971583,1,0.7915
788812608,0,0.2978
805282908,0,0.1223
717403158,0,0.1174
718418958,0,0.1274
721374033,0,0.0997
710849208,0,0.1195
771823308,0,0.2409
719019483,0,0.1476
769927533,0,0.1027
718951683,0,0.1112
709666908,0,0.0985
719857008,0,0.0968
788709408,0,0.1001
710641008,0,0.2967
815812683,0,0.2771
717624708,0,0.1114
789398733,0,0.1844
716136333,1,0.951
715162608,1,0.7585
710822808,0,0.3972
714147858,0,0.148
767333808,0,0.1204
719654283,0,0.3963
766273533,0,0.1164
779601783,0,0.1204
711370458,0,0.1629
715519983,0,0.1946
788782008,0,0.128
787595658,0,0.1624
758211483,0,0.1611
710637183,0,0.0986
712144158,1,0.94
715378383,0,0.0993
771061008,1,0.9492
719583558,0,0.1314
810986883,0,0.0957
788797983,0,0.1194
815104608,0,0.2538
715369008,0,0.1168
713418558,0,0.1184
708332808,0,0.401
719729433,0,0.0999
789022233,0,0.1924
714234858,0,0.1329
709170108,1,0.976
779727558,0,0.0949
708245808,0,0.1252
778255083,0,0.1084
718755483,0,0.3978
712627083,1,0.9848
788990508,0,0.1401
804437658,0,0.143
778430733,0,0.1276
808747233,0,0.3347
710555433,1,0.9652
708826158,0,0.1295
717023508,0,0.0956
719694408,1,0.9855
710014683,1,0.7429
815596608,0,0.1042
712721358,1,0.9719
716870583,0,0.1016
780076833,0,0.1042
793616883,0,0.2022
789105183,0,0.126
817970208,0,0.0982
779844408,1,0.9825
719206308,0,0.1382
721269108,0,0.0967
772139433,0,0.3337
717042333,0,0.5785
710273658,0,0.0977
716626008,0,0.1034
716230158,0,0.0954
713010483,0,0.1799
711220683,0,0.1265
721398858,0,0.6268
779400183,1,0.8267
789964983,1,0.9858
715102308,1,0.7523
712730583,0,0.206
718870158,0,0.2404
719484408,0,0.11
720244983,0,0.3613
781306758,1,0.9181
779412783,0,0.0968
721217283,0,0.131
815062383,1,0.8697
714155283,0,0.1106
716981358,0,0.1161
824915208,0,0.1236
708498033,0,0.5985
716860233,0,0.1406
709839858,0,0.4149
713144208,1,0.9867
708573933,0,0.0989
712579983,0,0.2592
790099758,0,0.1911
711305208,0,0.2053
720062508,1,0.9502
708205083,0,0.2198
772336458,1,0.8235
710986758,0,0.3449
789271533,0,0.3225
711360783,0,0.1487
714035283,0,0.3099
720415833,0,0.198
778873608,0,0.1052
718661958,0,0.1047
719026383,0,0.2734
710229333,0,0.138
720437358,0,0.1025
811467708,0,0.101
778933983,0,0.0958
719413383,0,0.1574
718252533,1,0.9409
718188858,0,0.117
711382458,1,0.9864
721212258,1,0.8954
717600483,0,0.131
761544333,0,0.1438
809425533,0,0.1893
709678608,0,0.4998
713151258,0,0.105
715345833,0,0.1655
720776508,0,0.178
720689583,0,0.1149
801728658,0,0.12
718979733,0,0.0997
721163133,0,0.1033
710595783,0,0.1142
714781908,0,0.1001
709618308,0,0.0971
713971608,0,0.2327
718020408,0,0.1748
716513358,0,0.0973
710401458,0,0.2711
712177908,0,0.1429
719216508,0,0.1079
711017433,1,0.9146
788386908,0,0.2409
710819733,0,0.6526
711978858,0,0.1011
807136758,1,0.948
716138958,0,0.1438
713070033,0,0.2716
827055333,0,0.59
827408058,0,0.1166
793608258,1,0.9751
717013383,0,0.1987
714320358,0,0.574
716948283,0,0.5327
717657333,0,0.1575
788687133,0,0.2415
710736558,0,0.611
708721533,0,0.1192
817108083,1,0.9701
719737833,0,0.3598
813967983,0,0.2028
771464808,0,0.0956
713025558,1,0.9863
779016408,0,0.099
712096758,0,0.1051
789523683,0,0.0967
713177808,0,0.1184
718777008,0,0.3452
711004533,0,0.0986
720046458,0,0.0966
710453283,0,0.1163
708736608,1,0.9477
778908783,0,0.4872
716056158,1,0.8606
773257233,1,0.7935
711371208,0,0.1645
711831558,0,0.1833
712164333,1,0.9112
780126033,1,0.9373
821889858,0,0.3517
779656908,0,0.167
766821033,0,0.6572
789196158,0,0.2736
714228558,0,0.162
827360883,0,0.1968
712815858,1,0.9069
714533058,0,0.1015
790149483,0,0.1255
771584658,0,0.1111
814181433,0,0.1155
788761608,0,0.1655
709009833,0,0.6793
708244458,0,0.1059
797998158,0,0.6854
808279158,0,0.5896
804601833,0,0.115
789690483,0,0.0993
819109308,0,0.2067
739317558,0,0.1058
721305408,0,0.211
716535408,0,0.2384
719391783,0,0.1998
780602733,1,0.835
789556533,0,0.3521
713422083,0,0.3502
721506708,0,0.1012
715774833,0,0.5722
714962658,0,0.6103
783561558,0,0.3063
826709658,1,0.9865
790017858,0,0.1034
712319958,0,0.1414
717483558,0,0.0993
713985183,0,0.1114
708404883,0,0.108
717208833,0,0.1695
816091608,0,0.1498
709087983,0,0.1253
710763783,0,0.2218
719018208,1,0.9801
713976258,0,0.1173
709554483,0,0.6501
794485158,0,0.0974
718795083,0,0.137
826451433,0,0.3537
826717533,0,0.4282
715294083,1,0.9864
779187783,0,0.277
719513733,0,0.1096
709816158,0,0.2284
711720408,0,0.0996
714960408,1,0.9863
770746908,0,0.2857
716101308,0,0.131
809825358,0,0.2704
719826333,1,0.852
710207208,0,0.1023
720128658,1,0.9124
780727833,0,0.0971
802247658,1,0.8359
717787533,0,0.6185
721115733,0,0.1603
709446783,1,0.7871
784719708,0,0.443
718570158,0,0.098
709965858,0,0.1166
757594083,0,0.1115
789599283,0,0.1751
718947558,0,0.1223
721147383,0,0.102
720683958,0,0.1162
780657708,0,0.1065
713935533,0,0.1329
713948808,0,0.1797
715406658,1,0.9795
772640808,0,0.1585
708496833,1,0.9759
804847308,0,0.2343
716931183,0,0.1386
714030183,0,0.1027
809296308,0,0.1817
708358683,0,0.1306
794664183,0,0.4421
712475733,0,0.1192
708770883,0,0.1002
821339433,0,0.1287
709206333,1,0.95
806914158,1,0.9032
709607733,0,0.6115
712843983,1,0.9822
780511683,1,0.9682
709161108,1,0.9833
708272808,0,0.4854
708680583,0,0.0975
708712833,0,0.1007
711947358,0,0.1159
719634408,0,0.664
718267233,0,0.0992
715479483,0,0.1164
711164508,0,0.1473
719294433,0,0.1687
714412308,1,0.7951
716434533,1,0.9853
719061933,0,0.1017
719091333,0,0.724
716573058,1,0.9853
740784258,0,0.112
711863433,0,0.2679
780529908,0,0.095
715132758,0,0.1023
713934633,0,0.2871
827423433,0,0.4752
708385533,1,0.9111
789407958,0,0.1201
712589658,0,0.5921
714759708,0,0.1203
826068183,0,0.096
709913733,0,0.0972
789744033,0,0.1787
710926383,0,0.1781
714052158,1,0.9694
714900408,1,0.877
787532808,0,0.1262
802449933,0,0.0967
755996583,1,0.9267
709625733,0,0.1081
719686458,0,0.1818
708642708,1,0.9706
790082508,0,0.0989
713205108,0,0.0987
710838108,0,0.1163
714427608,0,0.1258
711655683,0,0.1012
826168083,0,0.1219
708553008,0,0.0972
719554758,0,0.2389
820383558,0,0.4767
817293258,0,0.1015
709275558,0,0.1019
816078708,0,0.3194
719490108,0,0.125
710410158,1,0.9764
813961233,0,0.123
714259533,0,0.1159
713550483,0,0.1075
719073483,0,0.6644
710428308,0,0.2726
779340183,0,0.367
788820933,0,0.1057
798022683,0,0.5268
717273333,0,0.1173
713952558,1,0.9513
712545183,0,0.5826
789611283,0,0.1254
713339283,0,0.2458
721032633,1,0.8005
719953383,0,0.3435
712814658,0,0.0961
711764733,0,0.1742
715915458,0,0.2099
720712533,0,0.3338
709984083,0,0.1402
719268333,0,0.1556
790048158,0,0.121
717856983,0,0.1199
715545933,0,0.0971
709861008,0,0.5132
712863183,0,0.2062
712423233,0,0.1154
711648708,1,0.819
714864333,1,0.9297
788830683,0,0.0964
719358333,0,0.5732
789541458,0,0.0976
711589758,0,0.1202
711574008,0,0.1247
779548008,0,0.3718
801037833,0,0.1019
720924633,0,0.1583
718596858,0,0.0998
737967708,0,0.2427
798110358,0,0.1505
789582483,0,0.1168
710529708,0,0.1695
789526458,0,0.0992
711039633,0,0.6843
828294933,0,0.177
720422358,0,0.2993
720252858,0,0.1221
788966958,0,0.0954
714435408,0,0.1005
713453733,0,0.3456
711208083,0,0.1161
721220583,0,0.1019
720205608,0,0.1384
789983133,0,0.1846
787581858,0,0.0983
708705783,1,0.7747
717234183,0,0.5038
808705758,0,0.1763
711183558,0,0.0991
812979408,0,0.5758
715354008,0,0.1054
721062408,0,0.1678
712410858,0,0.096
779116158,0,0.109
712866933,0,0.1852
710411358,1,0.9616
771881283,0,0.1226
715363908,0,0.1305
789560433,1,0.9867
709752183,0,0.2702
807161508,0,0.0952
708393633,0,0.0968
771886233,0,0.1085
716930133,0,0.4066
809937933,0,0.0972
816596583,0,0.1902
718803333,1,0.9429
795237183,0,0.1243
720419358,0,0.0957
719514783,0,0.2529
780374133,0,0.0993
810868758,1,0.8781
714286383,0,0.1016
708588408,0,0.1117
813338733,0,0.1258
788826408,0,0.0972
713134458,0,0.2166
716350008,0,0.1139
738062658,0,0.6915
709449333,0,0.1787
718665933,0,0.1464
748503708,0,0.5373
807141183,0,0.1591
766381908,0,0.0993
822112383,0,0.1649
709061658,0,0.116
797166633,0,0.2574
789435783,0,0.5881
708266883,1,0.9863
716793108,0,0.1148
712253058,1,0.8122
716430933,1,0.9412
715746633,0,0.3283
714842208,0,0.1259
713879283,0,0.4041
778679883,0,0.1744
712110333,1,0.9349
720724008,0,0.6806
708387933,0,0.1321
712165308,0,0.1158
720283758,1,0.986
708473133,0,0.7063
810493458,0,0.0996
711122958,1,0.9692
721502958,0,0.1048
715908558,0,0.1407
711594858,0,0.1064
789513858,1,0.9866
712795833,1,0.9848
719628033,0,0.1024
718282983,0,0.0955
714121983,0,0.107
709791333,0,0.0973
779916408,0,0.7271
711657783,0,0.2533
780203883,0,0.1074
709367433,0,0.1298
736145283,1,0.8359
711516783,0,0.097
712104333,0,0.0989
711116133,1,0.8287
712988958,0,0.127
771201408,0,0.0952
712011633,0,0.6869
713579733,0,0.2798
796544133,0,0.1385
709272333,0,0.1815
715153158,0,0.1184
779342958,0,0.1548
810545733,0,0.1266
805453908,0,0.095
817086783,0,0.1354
714943233,0,0.1111
789097833,0,0.1098
759584958,1,0.942
708886533,0,0.1367
708761733,0,0.1309
711600033,0,0.1342
769935783,0,0.1687
717446208,0,0.1018
721121283,0,0.2132
819151083,0,0.1589
716470683,0,0.1053
779643858,0,0.1518
787665258,1,0.9847
787475433,0,0.0974
717448383,1,0.9844
710812533,1,0.9412
716461683,0,0.266
814571058,1,0.8006
712071708,0,0.1206
720769533,0,0.111
794581533,0,0.1185
715732533,1,0.9697
708286683,0,0.1245
708543258,0,0.095
713809833,0,0.5259
793636308,1,0.911
789095958,0,0.3977
757722708,0,0.3777
738627708,1,0.7464
820353558,0,0.2779
718739508,0,0.0991
788943333,0,0.6283
708397008,0,0.1026
711392508,0,0.3936
780653208,0,0.5351
710251608,0,0.5365
719354433,0,0.0977
710676483,0,0.7233
826414083,0,0.1405
720673008,1,0.97
716736858,0,0.1683
715660308,0,0.6926
785387883,1,0.8716
721028283,0,0.1606
717797658,0,0.1203
712390683,0,0.0958
717965808,0,0.1032
721514883,0,0.1045
718477983,0,0.1393
719671383,0,0.11
711191808,0,0.098
708637758,0,0.2375
794675058,0,0.2375
720508233,1,0.7711
713094483,0,0.1415
780064983,0,0.1123
710155158,1,0.9594
710904708,0,0.7009
801715383,0,0.6315
806889633,0,0.1041
794831733,0,0.1272
712019883,0,0.2644
770956158,0,0.0983
778386033,0,0.3392
708147108,0,0.1037
710310108,0,0.096
771982083,0,0.2089
714754533,0,0.1233
717626508,0,0.1505
718328283,0,0.1151
716739258,0,0.4189
714277758,0,0.145
720210483,0,0.1014
720411183,0,0.0977
711379083,0,0.0971
798558783,0,0.103
713363583,0,0.1158
720339558,1,0.9019
715008858,1,0.8494
779037408,0,0.151
721513833,0,0.1217
714311583,0,0.1575
797414733,0,0.426
716864733,0,0.6542
712924383,0,0.5467
719854008,0,0.6489
771630783,0,0.1542
771471708,0,0.1975
769463433,0,0.105
711377808,0,0.1875
713133258,0,0.2996
718162908,0,0.5758
713257083,0,0.0997
772687983,0,0.1797
711535158,1,0.9722
799700208,0,0.1516
717177783,0,0.3647
711402333,1,0.9733
714304458,0,0.4026
713347608,1,0.9812
718303683,0,0.7089
714317058,0,0.1187
718152333,0,0.1513
716385033,0,0.5077
720674133,0,0.1038
719153433,0,0.1185
712765158,0,0.1942
713229633,1,0.979
712256358,0,0.4305
717656433,0,0.1083
771081558,0,0.2505
710702733,0,0.1083
779612808,0,0.0974
713904708,0,0.1142
716546283,0,0.1022
711670308,0,0.1035
710856558,0,0.1329
713639958,0,0.4995
716987358,1,0.9003
720008133,0,0.1098
710084883,0,0.1071
816476658,0,0.3758
778486008,0,0.1307
769053033,1,0.9481
716171358,0,0.104
772684833,0,0.0958
709485033,0,0.303
713352183,0,0.1145
712557708,0,0.1484
821149008,1,0.8766
711816108,1,0.9751
712532058,0,0.096
718811058,0,0.1012
713696808,1,0.9766
753233733,0,0.2101
717030633,1,0.9103
718320933,0,0.6216
714608583,0,0.4472
715942683,1,0.8998
771356508,0,0.1004
711326583,0,0.6985
714621183,0,0.0963
712805658,0,0.0977
808981608,0,0.1895
718337733,0,0.109
715921758,0,0.213
779803008,0,0.0996
717195933,1,0.9191
712562433,1,0.9685
769578108,0,0.2897
715442958,0,0.4647
708402333,0,0.0968
719334408,0,0.1434
788246958,0,0.1079
780336258,0,0.0972
772706283,0,0.1691
780684933,0,0.0964
712927383,1,0.9833
712820208,0,0.1332
721434483,0,0.1109
720659283,0,0.1178
716004258,0,0.096
713111883,0,0.1006
772248408,0,0.1138
787492908,0,0.1149
718227033,0,0.11
711320508,0,0.3069
718828083,0,0.1856
709823733,0,0.3171
772116408,0,0.3428
717355533,0,0.1301
715932708,0,0.0996
719679858,0,0.1738
772323033,0,0.0975
714168183,0,0.1676
710719683,0,0.0987
719876808,0,0.1305
778894233,0,0.1051
712881483,0,0.1454
789481233,1,0.9754
714767508,0,0.0982
789144633,1,0.9339
710635083,0,0.1298
711557508,0,0.101
720650208,0,0.2187
810856833,1,0.9664
712828533,0,0.1481
714503433,1,0.7743
817245183,0,0.1
709106358,0,0.146
720179883,1,0.9703
816756783,0,0.0969
812501358,0,0.3296
717203958,1,0.7786
719661558,0,0.0992
716297658,0,0.1049
756065433,0,0.1003
717076458,0,0.0983
716586408,0,0.1549
719776608,0,0.5363
710268858,0,0.0956
719400108,0,0.104
715398858,0,0.0957
717359208,1,0.841
788595183,0,0.3138
772082208,0,0.0963
720770883,1,0.9545
716263533,0,0.1018
719848008,0,0.1003
717073308,0,0.1217
716277558,0,0.2222
712010358,1,0.9608
709319658,0,0.647
794665608,0,0.1115
708997833,0,0.1052
717135333,0,0.1216
795784008,0,0.4474
711728208,0,0.5921
737925558,0,0.1001
719147208,0,0.1011
715941633,0,0.2484
714078558,1,0.9151
719453283,0,0.4641
794507133,1,0.937
710790258,0,0.1357
755953308,0,0.1029
712710708,0,0.1255
717843783,0,0.1265
710297133,0,0.1256
716222808,0,0.1146
714069858,0,0.4091
787659483,0,0.123
757167633,1,0.8499
717207408,0,0.2906
778224858,0,0.1124
709103358,1,0.8518
816829608,0,0.2489
719838558,0,0.1121
718161708,0,0.1225
717382608,0,0.1797
711762408,0,0.5788
811571733,0,0.1062
779403558,0,0.4348
718399233,0,0.3658
711343233,0,0.1338
779536233,0,0.2394
718893333,0,0.1501
716697708,1,0.9636
708788583,1,0.8865
713808633,1,0.8366
721210158,0,0.1466
789666333,0,0.1219
710872233,0,0.1099
780497958,0,0.3715
798047583,0,0.4049
817089408,0,0.1163
787472283,0,0.0992
801786483,0,0.1222
709040508,0,0.1011
709257708,0,0.1381
753118533,0,0.1569
812222208,0,0.1272
714187533,1,0.9842
789180933,0,0.0957
718140783,0,0.1004
713924283,1,0.9174
713236458,0,0.1407
816315558,0,0.1456
770135358,0,0.1017
714284358,0,0.0993
712965183,0,0.1252
713668158,1,0.984
784819758,1,0.7982
712025958,0,0.1954
713653983,0,0.096
712619808,0,0.1165
710086308,0,0.0979
711781233,0,0.2279
708254733,0,0.0977
788930358,0,0.0953
714361083,1,0.9442
713253858,1,0.9847
771020133,0,0.1012
719593608,1,0.9707
714407058,0,0.1019
721282908,0,0.2793
771507258,0,0.1106
716285358,0,0.1075
711985833,0,0.2017
717182883,0,0.1026
714618333,1,0.8406
709443633,0,0.1007
778180158,1,0.9027
713755458,1,0.8647
767269908,0,0.1229
778231983,0,0.1136
769911858,0,0.1233
711866358,0,0.2129
774437583,0,0.1096
711232608,1,0.9867
721315233,0,0.2141
713401758,0,0.0969
769438608,1,0.9651
713172408,0,0.1028
778425408,0,0.3488
718611333,0,0.1
771400608,1,0.8545
719990358,0,0.2026
714250908,1,0.9604
715992558,0,0.4335
713181558,0,0.1001
793597833,0,0.0968
816013383,0,0.291
715518783,0,0.1198
779353083,0,0.1913
719881533,1,0.9838
792864858,0,0.7339
808681158,0,0.1322
717390408,1,0.93
720551733,1,0.9778
772273983,1,0.982
720648483,0,0.12
721486908,0,0.1288
716657058,1,0.9814
713630733,0,0.1249
718586133,0,0.2043
717482658,0,0.1586
718503108,0,0.2456
714148758,0,0.1336
708902883,0,0.5798
771499233,0,0.1841
714113658,0,0.0957
713231658,0,0.1237
708319908,1,0.9801
715629783,0,0.0979
820587258,0,0.6402
771852483,0,0.3065
712578933,1,0.9569
711263058,0,0.0963
779405133,0,0.1071
716094333,0,0.1429
778837083,0,0.6483
712434708,0,0.1145
771431133,0,0.4847
709716258,0,0.4167
710464683,0,0.0955
787543008,0,0.2173
709363383,0,0.1171
817988433,0,0.2501
717189183,0,0.117
710854008,0,0.1121
714531108,0,0.1006
778420383,0,0.2088
809068983,0,0.1455
713131158,1,0.9564
709649958,0,0.3598
754886958,0,0.3382
713476758,0,0.117
709473708,0,0.3725
708190158,1,0.776
719813058,0,0.1064
708158133,1,0.9348
815826708,0,0.1474
712682583,0,0.1005
714917583,0,0.1053
711577458,0,0.101
717623583,0,0.0997
708899283,0,0.0959
720249183,0,0.0999
718653333,1,0.9867
721424583,0,0.2805
708451233,0,0.1354
788122533,0,0.1815
708298233,1,0.9766
711935283,1,0.9598
769892058,0,0.1175
717954333,0,0.1147
820108008,0,0.1722
712840608,0,0.2123
817240833,0,0.1061
771051783,0,0.1647
779895108,0,0.1093
714811533,0,0.2511
714945708,0,0.2474
712925808,0,0.5034
712302783,0,0.1329
710725383,1,0.9797
708710283,0,0.231
708382083,1,0.9445
767404083,1,0.9832
773297508,0,0.1407
717478983,0,0.1132
709679658,0,0.2981
721427358,1,0.904
718178583,0,0.1005
718489608,0,0.0952
721349883,0,0.0957
787505133,1,0.9002
711521958,0,0.6122
708271833,0,0.1248
711242058,1,0.9866
718524783,1,0.9867
715050408,0,0.1878
757527033,0,0.2542
717580458,1,0.9839
714938733,1,0.9746
719170683,0,0.1232
715347783,1,0.9138
790108908,0,0.1523
789218433,0,0.1642
789469083,1,0.8217
715797783,0,0.0964
713761608,0,0.4147
771669183,0,0.2098
779521533,0,0.0995
715554708,0,0.099
767687208,0,0.1168
708655983,1,0.9011
720729108,0,0.3203
708722583,0,0.1593
715371108,1,0.9019
797238108,0,0.1729
718640508,0,0.2647
709487058,0,0.4253
712948383,0,0.2004
708469533,1,0.9608
709104333,0,0.3313
755420433,1,0.9824
718996758,0,0.0965
719445633,0,0.3144
709231683,0,0.0958
708846183,0,0.0977
826723308,0,0.1228
710825658,0,0.2624
796931508,1,0.9772
808753758,0,0.3246
789494133,0,0.1041
816312633,0,0.683
720029508,0,0.4996
714971583,0,0.1583
789325008,0,0.2445
713287608,1,0.8385
754872333,0,0.124
713573508,0,0.6919
718875483,0,0.109
780237033,0,0.2513
710363433,0,0.1271
795232683,0,0.1021
719577258,1,0.976
717400533,0,0.2451
713047608,1,0.9778
716645883,0,0.101
709707033,1,0.9839
711112683,0,0.0993
799723908,0,0.1589
712290258,0,0.2244
710462433,0,0.1096
812446158,0,0.6024
788741733,0,0.0983
780201633,1,0.8839
713656308,0,0.2142
710749458,0,0.1313
817142433,0,0.1884
789491058,0,0.7296
812488608,0,0.1075
710563458,0,0.3194
716013858,0,0.4055
717890583,0,0.1025
789540108,0,0.0964
708753633,0,0.1504
772776033,0,0.5566
751283658,0,0.1806
711237633,1,0.9325
817197333,0,0.1044
718737708,0,0.1113
710507733,0,0.0983
712979133,1,0.987
717975333,0,0.1703
787563858,0,0.2233
779442783,0,0.1063
720608658,0,0.0963
714524583,1,0.976
713580633,0,0.1578
712214283,0,0.0982
720190083,1,0.9482
718394658,1,0.7828
708615183,0,0.1333
827476983,1,0.7699
803335008,0,0.4034
711658758,0,0.1015
721232058,0,0.1436
809599158,1,0.9843
717127083,0,0.2144
709243533,0,0.0954
711267633,0,0.6267
809849358,1,0.7596
720708183,0,0.2361
805259733,0,0.5138
712660308,0,0.3322
714296358,0,0.1102
823578483,0,0.4171
709749483,0,0.0992
715215108,0,0.0974
718415133,0,0.0955
710500983,1,0.9847
714970458,0,0.0992
708931908,0,0.4754
749571633,0,0.1021
801508383,0,0.1116
717185658,1,0.9109
812618883,0,0.1177
819002508,0,0.6674
710218233,0,0.0982
719344608,0,0.111
718464258,1,0.9868
710512833,0,0.1019
718032483,0,0.1019
710159658,0,0.3455
715765758,0,0.1568
811700058,1,0.9836
806824908,0,0.1114
712428333,0,0.1087
710971908,0,0.1174
718011783,0,0.3077
721399833,0,0.2906
710975883,0,0.2876
712420833,0,0.3135
803115258,1,0.9801
721005108,0,0.1018
788610258,0,0.395
716159958,0,0.0981
789231858,0,0.2361
719123958,1,0.982
719337408,0,0.1624
779486433,0,0.0956
817337958,0,0.1416
712774908,0,0.0978
813234108,0,0.5386
792524358,1,0.8462
719282433,0,0.1278
720299283,1,0.9712
709479558,0,0.1247
716102583,0,0.1051
713733633,1,0.7978
795155433,0,0.1331
711783483,0,0.2296
721532583,1,0.7908
714753258,0,0.1009
721055058,0,0.105
720510333,0,0.0977
718146258,0,0.4221
715664808,1,0.9439
719964933,0,0.4598
709173108,0,0.1129
719722308,1,0.8935
719666283,0,0.2767
780006783,1,0.7818
715601808,0,0.4654
769720683,0,0.099
765692658,0,0.4846
717819633,0,0.1603
718699683,0,0.6225
797169633,0,0.4469
710636208,0,0.4517
709309308,1,0.9653
819690933,1,0.9597
711615933,0,0.3268
714933783,0,0.1231
778643733,0,0.5497
712867983,0,0.1128
718939083,1,0.9845
713512308,1,0.9867
790123983,0,0.1119
711153783,0,0.1407
744483633,0,0.0958
719971458,0,0.1094
716506083,1,0.9613
716329383,0,0.3133
719719158,0,0.1054
716107158,0,0.1424
714477408,1,0.9208
773146383,0,0.1129
708635058,0,0.1039
803421108,1,0.9243
716210283,0,0.4413
711315783,0,0.3617
712489158,0,0.1727
718576908,0,0.1478
753208833,0,0.5405
798546408,0,0.1258
827114058,0,0.142
771453033,0,0.1212
718452633,1,0.8606
718026858,0,0.0957
721181883,0,0.1119
717609633,0,0.3647
710927733,0,0.126
711551958,1,0.9859
716365233,0,0.4039
783121008,0,0.2736
716780283,0,0.122
718471758,0,0.1178
756571983,0,0.1054
714700158,0,0.5434
794191008,0,0.1333
711000933,0,0.0963
789025083,0,0.1705
717074283,1,0.8628
714243408,0,0.0966
716462658,0,0.4634
719944458,0,0.1275
718866633,0,0.1045
714247458,0,0.263
783910008,0,0.3673
714294183,0,0.534
789530208,0,0.1816
714389058,0,0.1053
772661808,0,0.1599
710135058,0,0.4014
716805408,0,0.1274
789304983,0,0.3061
743912958,0,0.1134
715311183,0,0.2041
720264783,0,0.1289
788771733,0,0.1289
711724083,1,0.8013
717628608,0,0.0966
712319058,0,0.1496
772231233,0,0.0954
715315008,0,0.1122
778853358,0,0.1724
714581358,1,0.9849
710810883,0,0.2011
709879458,1,0.9659
811970808,0,0.1362
720015183,0,0.0989
708907833,0,0.3022
826261008,1,0.9757
794682483,0,0.1185
708098133,0,0.0958
711069483,0,0.3515
709537683,1,0.9866
710770383,0,0.2895
809811858,0,0.48
772216833,0,0.0997
717830583,0,0.1581
713779908,0,0.4064
712507758,0,0.1141
716093133,0,0.1047
817382958,0,0.1207
714400308,0,0.3853
789466008,0,0.1274
710289783,0,0.7038
712659408,0,0.0961
788791383,0,0.6222
709822008,0,0.0957
816615633,0,0.1002
718521258,0,0.1055
713533983,0,0.102
709444983,1,0.9819
717405408,0,0.1758
753226158,0,0.1214
780384483,0,0.2243
720096558,0,0.1602
778567983,0,0.1118
711649908,0,0.1448
718038483,0,0.6696
719519058,1,0.927
770985633,0,0.1665
713600958,0,0.1035
719801508,0,0.1182
713686008,0,0.1363
720401658,1,0.9568
715572783,0,0.1126
817908783,0,0.0989
712361583,1,0.8835
709108533,0,0.0985
718490658,0,0.124
790006383,0,0.1058
710744433,0,0.4429
780865308,0,0.1421
716643033,0,0.4728
789241308,1,0.9819
721344858,0,0.2454
717050883,0,0.098
788979258,0,0.3687
719125158,0,0.1768
709545333,0,0.1661
721165608,0,0.1026
714652383,1,0.7677
737921733,0,0.6967
804428958,0,0.2411
720075558,1,0.7623
769676358,0,0.5833
716378658,0,0.2865
714479358,0,0.7131
712141683,1,0.9004
710005683,0,0.138
721228308,1,0.9688
758833758,0,0.1298
787565433,0,0.2934
780253533,0,0.1232
714595983,1,0.9725
709547658,0,0.4644
711801933,1,0.9841
715808808,0,0.0966
711294258,0,0.0971
708542283,0,0.1006
787514433,0,0.0952
779773533,0,0.109
807964908,0,0.2067
757753083,0,0.1033
779331558,1,0.9822
799026633,0,0.11
719898108,0,0.1963
711252258,0,0.2596
719724933,0,0.1029
715413483,0,0.4186
751518633,1,0.8559
742552683,0,0.1075
756598833,0,0.2073
794562783,0,0.0977
779942808,0,0.6853
789151983,0,0.1155
779598183,0,0.141
720714933,0,0.1119
708536283,0,0.7224
714548733,0,0.6264
713796033,1,0.7574
770817783,0,0.2381
716032233,0,0.1341
719806233,0,0.2888
712835433,0,0.6464
713975433,0,0.1
715076358,1,0.9746
720731808,1,0.9856
714616308,0,0.0999
717502083,0,0.3978
789362058,0,0.1393
794530608,0,0.1012
709007883,0,0.1032
709219533,0,0.2798
787723758,0,0.1229
710968008,0,0.1106
780638958,0,0.1024
716951658,0,0.1029
715956258,1,0.9374
785119833,0,0.3589
710723958,0,0.2517
714011358,0,0.098
717724233,0,0.1041
754671558,0,0.5657
794514108,1,0.7583
719385558,0,0.3648
712637283,0,0.0965
714222183,0,0.0996
709175208,0,0.097
717112533,1,0.8655
714426783,1,0.8932
721448283,0,0.1598
782548758,0,0.0961
717561108,0,0.2521
720585183,0,0.1465
714643983,0,0.0951
712291308,0,0.1345
713036208,0,0.418
709979583,1,0.9241
717517758,0,0.1302
717271983,0,0.0997
718528008,0,0.2692
719118708,1,0.9798
708657033,0,0.0957
717489033,0,0.1627
818926833,1,0.8895
708338958,0,0.1008
827683383,0,0.1172
717099408,0,0.1024
716878533,0,0.423
797410983,0,0.3675
789625383,0,0.6538
709701558,1,0.9379
708334158,0,0.2222
710638233,0,0.5659
794496033,0,0.1207
709738008,0,0.1701
808756458,0,0.1319
710982858,0,0.1126
718451133,0,0.1001
717991533,0,0.1361
713104458,1,0.9511
715783758,0,0.2063
716891583,0,0.1277
714557583,0,0.0969
714840858,0,0.1147
788911458,0,0.1159
712521783,0,0.1082
716756133,0,0.1069
793550958,1,0.9403
768687183,0,0.0985
778170633,0,0.1078
789307833,0,0.1425
718291233,0,0.1184
718984533,0,0.1098
794293908,0,0.1252
708829758,0,0.2131
717016833,0,0.1426
711339258,0,0.1101
708754833,0,0.1261
716773533,0,0.0963
788896983,0,0.2343
715694433,0,0.193
708403308,0,0.1139
715511658,1,0.9298
717327783,0,0.1961
717384183,0,0.0983
818929158,0,0.2817
789539058,1,0.8917
718357458,0,0.6995
709530408,0,0.2073
826245858,1,0.8229
716800908,0,0.1404
714425283,0,0.1538
718345233,1,0.9635
713128833,0,0.2444
769577358,0,0.0954
758824608,0,0.3132
716742483,0,0.2112
710905908,0,0.4471
712902483,1,0.7867
772105608,0,0.1154
809951133,0,0.2473
710015733,0,0.3834
716893683,1,0.909
788808633,0,0.143
714100008,0,0.3383
717211608,0,0.1121
711008508,0,0.0992
712899333,0,0.3705
714091983,0,0.1068
802878408,0,0.1067
715958583,0,0.0955
716142858,0,0.1157
720449208,0,0.0964
739021908,0,0.1831
817035108,0,0.1051
718957083,0,0.4312
712084383,0,0.1315
771952683,0,0.2258
719782458,0,0.1057
721164483,0,0.236
806989008,0,0.0951
709624533,0,0.1092
710570058,1,0.9663
713114133,1,0.9766
771224358,0,0.1034
809440008,1,0.9771
785515533,0,0.3258
713709258,0,0.0955
708104658,0,0.1323
817958733,0,0.1015
721183983,0,0.2032
810220833,0,0.6478
713373708,1,0.9872
715710708,0,0.1033
717443658,0,0.1968
717915783,1,0.8355
779217333,0,0.0959
710794983,0,0.6927
795855258,0,0.7171
788719533,1,0.8586
720782658,0,0.0994
720034983,0,0.1541
713536158,0,0.1002
755262933,1,0.8002
719136183,0,0.1385
715898058,1,0.9092
716315508,1,0.9864
788667408,0,0.0998
768949983,0,0.0954
778882758,1,0.8591
709465758,0,0.7337
719781183,0,0.2649
720101658,0,0.0984
713782608,0,0.1075
802101858,0,0.1389
708757233,0,0.0974
709711758,1,0.9864
772000533,0,0.4638
720827133,1,0.9696
789903708,0,0.1373
719855958,0,0.1387
713254983,0,0.1014
709120008,0,0.668
720927183,0,0.2371
716875083,0,0.1379
716988633,0,0.1273
711553308,0,0.1164
788802483,0,0.0971
708908883,0,0.0969
712644483,0,0.1211
716311683,0,0.118
779707308,0,0.0969
720595083,0,0.1822
715034358,0,0.6883
720897783,0,0.2348
826513233,1,0.7461
826065258,0,0.6168
772426383,0,0.0975
717972408,0,0.1942
708888633,1,0.959
714916758,0,0.65
710888883,0,0.1309
717296808,0,0.1
713847858,1,0.9868
768728508,0,0.103
762020133,0,0.2257
710706558,1,0.9083
709278258,0,0.1343
710679933,1,0.9306
713152383,0,0.1408
771429408,0,0.0987
770721858,0,0.1716
778686408,0,0.1472
771682533,0,0.526
712378983,1,0.8578
714615258,0,0.594
713027058,1,0.7568
789485433,1,0.9325
716368008,0,0.3053
771935283,0,0.0958
779315508,1,0.9637
794843883,0,0.1539
822084333,1,0.8122
714893733,0,0.1003
719474583,1,0.8357
717141858,0,0.4877
712714008,0,0.1123
719570733,0,0.1122
720980958,0,0.1245
720964683,0,0.1001
718263108,0,0.5087
789101883,0,0.2242
809292483,0,0.2059
778973658,0,0.2416
708560733,0,0.1131
721171008,0,0.0977
781297983,0,0.1039
778228458,0,0.1541
797668983,0,0.2006
713492583,1,0.9603
715799808,1,0.9309
711647808,0,0.1027
720840108,0,0.1011
711349083,0,0.2508
721247883,0,0.7318
720497958,0,0.1017
719466558,1,0.749
753220383,0,0.1469
757481283,0,0.1407
778506633,0,0.4021
819634233,1,0.9819
753795633,0,0.5908
715435758,0,0.1002
772063308,0,0.1254
718205283,0,0.1352
720863133,0,0.1165
709288383,0,0.1044
709213458,1,0.9005
708670608,0,0.1003
709150608,0,0.1991
713105508,0,0.114
716303583,0,0.0979
787669233,1,0.9499
771488583,1,0.9452
708269583,0,0.0953
779809908,0,0.138
720973833,0,0.1364
720236433,0,0.2059
717895833,0,0.1755
718921683,0,0.103
713828208,1,0.9123
779241783,0,0.1008
797241108,0,0.1018
716635758,0,0.1072
714536208,0,0.099
709372608,0,0.1282
769574883,0,0.2217
718286658,0,0.1912
714839808,0,0.2575
718342158,1,0.9787
778573233,0,0.1698
715680933,0,0.1491
708396033,0,0.1022
713356833,0,0.1011
814593858,0,0.1161
771592458,0,0.1496
827631483,0,0.1543
811721133,0,0.1856
720443358,0,0.142
709477233,0,0.0957
711942783,0,0.0957
768848658,0,0.4854
788772708,0,0.1289
717109983,0,0.0979
712128258,0,0.1362
720621408,0,0.1055
710295858,0,0.245
714647808,0,0.1031
712374708,0,0.1033
715547058,0,0.501
720539583,0,0.113
712952283,0,0.0968
710475408,0,0.096
715007583,0,0.3021
713061558,0,0.1193
772288758,0,0.1778
713977308,0,0.122
801064833,0,0.216
708129933,0,0.0972
789167658,0,0.1213
720286908,0,0.6346
716565258,0,0.1972
708564858,1,0.9713
778895883,0,0.2044
709410033,1,0.8628
710745633,0,0.1224
709008708,0,0.2094
714738858,0,0.0978
713639058,1,0.7632
719739108,0,0.3818
826079508,0,0.1248
710795883,0,0.0975
710404533,0,0.3878
719359458,0,0.4442
821837958,1,0.9745
710691633,0,0.1157
779296908,0,0.149
710797833,0,0.173
804337233,0,0.4431
713823033,1,0.9828
720076458,0,0.1425
809818008,0,0.443
717376758,0,0.1187
795844983,0,0.1981
789368658,0,0.1073
720462633,1,0.9623
708938508,0,0.0973
709560258,1,0.9858
717513933,0,0.2508
711113958,0,0.0976
713995233,0,0.3769
717906783,0,0.1358
716516208,0,0.1471
756658083,0,0.1406
718692258,0,0.7324
719816583,1,0.9405
787578183,0,0.1236
788699808,1,0.8474
809320908,0,0.1059
789942033,0,0.7164
714006333,1,0.9208
710813733,0,0.3384
711679533,0,0.3135
709212183,0,0.6449
807523008,0,0.1519
787480158,0,0.3889
711272058,0,0.2485
720033033,0,0.0975
794124708,0,0.1259
790164408,0,0.0959
714831033,0,0.1713
718731183,1,0.964
827888433,0,0.5306
711992133,0,0.1002
711809283,0,0.1136
714574083,0,0.2534
769189083,0,0.2157
711968358,0,0.0964
711750183,1,0.8503
716511483,0,0.0982
800869758,0,0.0955
715235808,0,0.1407
714199983,0,0.2075
718540308,0,0.1366
716460933,0,0.1961
780277458,0,0.1045
798011733,0,0.1289
714046608,0,0.5841
713396358,0,0.1019
714005508,0,0.139
717444558,0,0.0957
713905608,0,0.5378
711126483,0,0.1189
714602658,1,0.9872
716019333,0,0.1638
714869958,0,0.1118
778459833,0,0.5857
789309558,0,0.0962
756736008,0,0.159
779883933,0,0.4363
709343433,0,0.134
806908608,1,0.8078
720521808,0,0.1427
709523508,0,0.1309
708373083,1,0.983
713325108,0,0.1806
819214233,0,0.4435
713188383,0,0.3669
770778108,0,0.0971
716610558,0,0.1503
715174158,0,0.2022
779608083,0,0.1262
780200208,0,0.1341
718675158,1,0.9685
817977933,0,0.5053
755273658,0,0.1474
715022133,0,0.227
719804208,0,0.2064
780056733,1,0.8706
780373233,0,0.0953
817188408,0,0.0974
772073508,0,0.6264
803805483,0,0.0965
717823383,0,0.1262
789907533,1,0.7555
788259558,0,0.1188
815515158,0,0.1905
713884458,0,0.1028
789717708,0,0.1502
708160008,0,0.1915
708702258,1,0.9536
789023508,0,0.117
719265108,0,0.1081
813213558,0,0.1016
802460433,1,0.9546
717995958,0,0.3223
710697408,0,0.1039
805458933,0,0.1012
713850783,0,0.1172
713876958,0,0.1031
718926258,0,0.0974
717585858,0,0.3769
710303208,0,0.1198
770647233,0,0.1099
715459158,0,0.1557
789185508,0,0.1119
779305008,0,0.0958
713343333,0,0.099
749067633,0,0.1528
811713408,0,0.0959
789990333,0,0.102
788770908,0,0.5072
709411383,0,0.0983
708361833,0,0.1912
712801758,1,0.8351
721179708,0,0.1681
708511983,0,0.2358
711388458,0,0.1835
720486408,0,0.2931
709157133,0,0.1261
712240083,0,0.2996
782802033,1,0.9093
712091433,0,0.1277
720494058,0,0.1256
710277183,0,0.0949
789804933,0,0.1324
719022558,0,0.1017
714573258,0,0.1398
709919283,0,0.563
716481408,0,0.5121
719038008,0,0.2032
793456983,0,0.1037
720597108,1,0.9849
715233108,0,0.106
709220583,0,0.1081
779324358,0,0.0988
712112733,0,0.1248
714443058,1,0.982
711109908,1,0.9789
717464958,0,0.1053
713701533,0,0.1072
772565883,0,0.1082
758765808,0,0.1422
716851908,0,0.1056
721500108,0,0.1706
820268358,0,0.0968
717171408,0,0.221
713567958,0,0.1244
716512383,0,0.1029
713008308,0,0.1573
780942633,0,0.1151
716249508,1,0.7581
714909108,0,0.1185
778708533,1,0.987
772725408,0,0.1587
709534083,1,0.8174
817144458,0,0.096
807157833,0,0.1135
716371308,0,0.1054
716332533,0,0.1021
716924958,0,0.4346
720904233,0,0.1862
711964533,0,0.1002
788715483,0,0.5101
788832033,0,0.0973
716022258,1,0.9621
712208658,0,0.1121
710482533,0,0.0958
717661908,0,0.1311
720254883,0,0.1266
719532108,0,0.0975
779610033,1,0.9771
819977058,0,0.5456
772202058,0,0.261
717658758,0,0.4636
720467583,0,0.165
713314533,1,0.9454
719318583,1,0.9731
789122808,0,0.4904
708525108,0,0.1834
779662308,0,0.1442
717180633,0,0.0982
713000058,0,0.1049
709747308,0,0.1684
712235433,1,0.9869
712405908,0,0.3127
778885158,0,0.1682
789143283,0,0.1037
721233033,1,0.9871
718486608,0,0.0991
713249883,0,0.1091
797743233,0,0.1137
778346283,0,0.1982
721113333,1,0.8244
720707283,0,0.1887
788997408,0,0.0956
710456658,0,0.1042
808796208,0,0.1231
713685033,1,0.9702
788912658,0,0.2131
712157958,1,0.9393
711148308,0,0.1097
719117433,0,0.1339
